Attendance,Study_Hours,Previous_Scores,Sleep_Hours,Extracurricular,Performance
74.9816047538945,2.666196359547577,55.70234102415436,7.36351497104449,1,0
98.02857225639664,5.877108526405223,54.81872794431999,7.9834069859568615,0,1
89.2797576724562,8.856512522887675,94.3752748312622,5.252339493962495,1,1
83.94633936788146,7.590023977686051,54.972771990970365,7.1243704980349944,0,1
66.24074561769746,8.259050330753048,56.316983567717855,6.858729915718744,0,1
66.2397808134481,6.929050300396456,85.56389574507782,8.164151883941354,0,1
62.323344486727976,7.230489080660672,66.9843905470324,8.530435302406303,1,0
94.6470458309974,8.642760864087872,86.60263341731087,4.060783857386934,0,1
84.04460046972835,3.2470120797326736,43.92196945386311,7.370099595293963,1,0
88.32290311184181,5.404824672788264,69.25427162040306,4.259178995598645,0,0
60.823379771832094,2.99088497637642,42.016816010996955,6.74429332538678,1,0
98.79639408647978,9.889012071969823,43.75919220732127,5.438163645218391,0,2
93.29770563201687,9.49653405717952,94.38624720066466,5.533882997610706,1,2
68.49356442713105,1.354841302316553,48.354722267055706,5.764792517261783,1,0
67.27299868828402,7.350176552641196,71.94524093651303,7.106462245248051,1,1
67.33618039413736,9.327234856740992,64.66573615604239,5.670249828343846,1,1
72.1696897183815,2.6251781061460018,60.84059957553056,7.663495252951402,1,0
80.99025726528951,6.111507074973665,93.99000074123634,6.022636927869348,1,1
77.27780074568463,9.239394678292376,41.30940380652937,4.341766001549793,0,1
71.64916560792167,1.3055138072721895,79.82738117053535,7.918799212420536,1,0
84.47411578889518,7.276782405221559,97.80366605281303,5.42879162296353,1,2
65.57975442608168,3.676141066352957,73.61009100771051,6.163834397996313,1,0
71.68578594140872,9.319565758388773,96.20934772198551,7.427219416109508,0,1
74.65447373174767,9.73952420648831,43.13547275716142,5.66228078574356,0,1
78.24279936868143,9.498398402020905,65.12759914444968,4.282928280733578,0,1
91.40703845572054,5.267927949917174,55.60946745772307,5.869605235064068,1,0
67.98695128633439,8.758383858903821,83.84925789884379,8.722242913471517,0,1
80.56937753654447,8.600944586815633,98.8778254298348,7.20867198649279,0,1
83.6965827544817,3.871904259189301,55.39180374665487,7.357395743336035,1,0
61.858016508799906,8.460239267356096,79.25047608844446,7.161410768188199,1,1
84.30179407605753,1.3330687124394336,51.88585796558441,4.994960694797184,0,0
66.82096494749166,6.366428906338477,73.9198152742966,6.0916693205114,1,0
62.60206371941118,3.0700795355893273,67.83594920130017,7.754698991816591,1,0
97.95542149013333,2.0851019719955093,98.32031977789222,4.506864487765796,1,0
98.62528132298237,1.6925788146628824,76.51163636178799,5.389263880448562,1,0
92.33589392465845,7.266598982903258,60.97038232520913,5.3815955423292685,0,1
72.18455076693482,4.058874673912595,46.845747093276,6.16009463797253,1,0
63.90688456025536,7.522900943758853,49.07480972409607,8.901843704710926,0,0
87.36932106048627,1.5882070671904813,53.519015797074104,4.33751273341911,0,0
77.60609974958405,3.837613040475493,55.05799968041788,6.593504971902975,0,0
64.88152939379115,5.855421631378035,91.03696347046827,4.896823410061052,0,1
79.80707640445081,8.116508483550671,73.6733672969515,8.853382727048722,1,1
61.375540844608736,3.8687725263886295,71.40345468246198,4.566517523637321,1,0
96.37281608315129,6.633022387933082,46.88613231215305,6.018005011807956,1,1
70.35119926400068,8.973799734125684,91.6083816009661,7.68942492417303,0,1
86.50089137415928,6.542768693640741,83.36885819250902,7.522772140137226,0,1
72.46844304357644,3.096635272782704,44.0601017140001,6.1136431844696615,0,0
80.80272084711243,1.2196070340088423,82.47010583378612,5.732620839763591,1,0
81.86841117373119,8.830889865108368,72.61229304055877,5.988061892764353,0,1
67.39417822102108,1.1914246976534844,44.9035207448067,5.321381315793197,1,0
98.78338511058234,8.872315054157795,67.49803849171938,5.0266646935339985,1,2
91.00531293444459,5.760434206244907,69.08177722780282,6.41519848779445,1,1
97.57995766256757,9.451609286616065,49.94647240979654,5.342668780338037,1,2
95.79309401710594,8.189049121962988,96.74188882001694,5.437308324486251,0,2
83.9159991524434,9.981406994800038,90.99852228883972,7.283780317372785,1,2
96.87496940092467,4.156406339065391,80.1413402397465,8.84268665849946,0,1
63.53970008207678,7.904694600380142,67.73773366003644,7.018186002796876,1,0
67.83931449676581,4.617378222483179,64.70593249507051,4.3848973353248315,0,0
61.80909155642152,5.318880582735179,79.05840802905725,4.3779180692703346,0,0
73.01321323053057,6.64754916896533,72.72591216441432,8.75711610422783,1,1
75.54709158757927,8.863094027677048,43.73638635291314,5.486453951536668,1,1
70.85396127095584,9.856751222793656,70.75015892621991,4.460334930412377,1,1
93.14950036607718,7.914460724780664,88.38421703397037,6.995222935751908,0,2
74.27013306774357,4.759901039506004,67.55439265581748,7.11824389145133,1,0
71.23738038749524,4.792213020493632,43.117394653256106,7.242524100593441,1,0
81.70784332632994,7.638240714300023,87.17669196304199,5.337010139287706,0,1
65.63696899899051,3.148994311914721,52.08182692815846,4.075553421072375,1,0
92.08787923016159,1.994267018182552,55.51725009328233,8.82507684727236,0,0
62.98202574719083,4.191599418766989,49.882381205937754,5.254465228455512,1,0
99.47547746402068,3.5851509248867357,59.81290389228985,7.380131440262737,0,0
90.8897907718663,3.6667730841039106,85.4050903413181,7.533149349393548,0,0
67.9486272613669,3.1024697594491895,71.16315157023624,7.050037085397428,1,0
60.220884684944096,1.378838706727257,52.29287644904275,5.564536971068241,0,0
92.61845713819336,1.1608654126007243,92.66980468912246,5.355481268820329,1,0
88.27429375390469,9.889501507624283,92.77491129709175,6.988341413513515,1,2
89.1602867216395,4.849958203622761,92.23470550276042,8.330478168058457,0,1
90.85081386743784,4.4589398244371345,54.32777268289236,8.733668644616978,1,0
62.96178606936361,7.116825544237629,67.07436065085929,4.529529022018788,0,0
74.33862914177091,2.9642849907855773,99.0993793684525,4.7741430629886,0,0
64.63476238100519,9.549650655552028,86.32074857859942,8.723681293915398,0,1
94.52413703502374,8.07710512973997,41.63004527353359,7.682676141673963,0,1
84.93192507310232,1.8046990208103355,43.91227547562952,8.414969124148865,0,0
73.23592099410597,4.758226982064356,67.83588260873996,5.013163170676716,0,0
62.54233401144094,8.912064768059482,94.55321235169362,6.937929355547009,0,1
72.4392928686265,9.502588200622693,72.32210787716285,7.505697972087368,0,1
73.00733288106989,5.2066136012488275,69.86875048205741,7.400559427234864,1,0
89.18424713352256,6.520702502896369,46.32842199739783,6.04075845433349,1,0
85.50229885420853,2.503305514828677,79.40680628345764,4.076974458456542,0,0
95.48850970305307,9.92051763523279,89.32618963601354,6.914630284021316,1,2
78.88859700647797,3.0850453124509905,62.825200450453735,5.265507695898044,1,0
64.78376983753206,9.48458596721613,86.53671105551965,6.251271230714451,1,1
88.5297914889198,6.846819840931316,97.8685992340487,8.787905075419086,1,1
90.4314019446759,6.469631153909732,52.22598754766135,5.995176588212173,1,0
82.45108790277985,5.614196599148578,71.39977787168448,8.199008033322134,1,0
90.83868719818244,3.076028305459828,57.22827748507453,4.942703028746256,0,0
79.75182385457563,2.5887522880495744,87.57126514203037,7.362302490125144,1,0
80.90931317527976,2.9843758816315784,74.65560195286946,8.885034772194718,1,0
77.10164073434198,2.6779443592982908,78.07494505301823,4.509465504364684,1,0
61.01676506976381,8.01626026210078,87.87484957695364,4.0415997111359605,1,1
64.31565707973218,4.151127332500571,63.75822835974729,6.1679139631630715,0,0
61.25716742746937,1.5205840890705673,94.90540410442259,4.463127415256836,0,0
85.45641645055122,9.721923671267302,71.9817320347684,7.741921748381157,0,1
72.57423924305307,8.954072964670832,49.47728937012088,8.572743319242795,0,1
80.34282764658812,9.349770548756917,81.75394709012815,6.170104863543794,1,2
96.30265895704372,9.954170403817917,87.59568102629527,5.293558210777205,0,2
69.971689165955,2.5650572429753855,59.0057006240516,6.172016595033049,0,0
76.41531692142519,4.566178170123929,91.43075541992518,7.617239089250005,0,0
90.22204554172194,7.824146281336822,94.36859528594599,4.045270807901855,0,2
69.15192661966489,7.26418556248413,56.614269242668534,6.947269947423486,1,0
63.07919639315172,2.3850631570586955,99.01128836291332,7.066458424436895,0,0
71.59005811655072,8.34249812491556,48.442691682925506,7.1884412344796775,1,1
66.44885149016018,3.019965146529946,52.1209401041494,5.210110399904386,0,0
97.18790609370292,3.0143585334036076,51.053490354281564,7.570263616890633,1,0
92.32481518257669,5.832769806040722,93.63938260047223,4.456957431658882,1,1
85.33615026041694,6.336459413575328,79.2575531394977,4.996351682334004,0,1
94.85842360750871,6.220775870540301,49.12625699333637,8.38735023327241,0,1
92.14688307596458,1.8233815365797938,66.41940510210094,7.693615753632832,0,0
67.46280235544144,8.897147763673424,76.91788150418813,4.068727770056726,0,1
95.70235993959912,3.3904003832983545,45.007845099362996,5.241881301849001,1,0
81.57368967662603,2.1656342915452376,92.94498210444033,5.072032414965823,1,0
92.2976062065625,8.998732718820794,88.21621212649211,5.354031640184862,0,1
95.84365199693973,9.60086348406778,70.31240641459829,5.2377988513994325,0,2
72.72013899887456,8.759148555389055,98.02759691555022,4.312631478714229,1,2
64.40207698110707,8.285644672523903,65.06565875650598,6.294702582984102,0,1
69.11740650167766,6.8971778257511955,99.04661914218987,7.663667373930826,1,1
77.08431154505026,5.957716335482254,80.07519992821761,7.033658623587182,0,1
92.72059063689971,1.7828808392026914,78.0802763952365,7.364358342990399,1,0
94.42922333025373,4.676078917636288,49.9572937177471,4.405745892681196,1,0
60.27808522124763,4.354196653110826,92.91566549827864,8.757453550883936,1,0
80.42989210310263,3.337784053842936,65.6493812752369,8.192459169215123,1,0
76.69644012595116,7.510781023197264,49.734004346948765,8.025451592478314,1,0
68.88431241882921,5.4628816157089375,40.75645119854554,8.114919025208838,0,0
64.79461469334731,1.7294159431688314,73.58534101830296,8.663552540663806,1,0
73.50460685614512,2.981648817548302,71.64397732736057,6.721269830568488,0,0
97.71638815650077,7.149328872936364,83.16121734214951,5.00141008933813,1,2
72.92811728083021,1.6851777354127018,93.41548318106813,7.083918039262706,1,0
80.75162486973464,8.660862226438919,44.76439507858177,7.7144074683396955,0,1
88.12075835580711,5.4563187431257685,83.88978942042175,7.689586966770127,0,1
74.54518409517176,5.325279195939832,51.244716645854936,6.607245120834401,0,0
98.87128330883843,6.331670061935658,91.49062318942984,4.34229359666789,0,2
98.49789179768445,8.422128693326343,89.14381083169937,5.855564692150639,1,2
70.07129183301457,4.1302828711197375,72.44762529913265,8.603833042316786,0,0
79.88994023569542,7.102145373031572,82.61456791739869,6.9222445487871305,1,1
72.03513239267079,6.09158767596212,58.861006791024906,6.691659716278567,0,0
71.3936197750987,3.403254431524792,68.27007393596888,5.344267571910968,0,0
61.47547789418131,8.907669877196422,89.2982138626283,5.842244599582894,1,1
84.38257335919587,8.176834194462353,67.55591183039283,8.476730445765845,1,1
80.10716092915446,6.926066511925829,61.46789591952651,7.3323152376341785,0,0
62.05915004999957,8.655235561848176,69.652746835018,7.936935133761664,1,1
71.14585856946445,8.805647808638222,89.6949551462331,6.271727115338276,1,2
96.33063543866615,7.3752667904353135,60.11248284225236,7.15123609728079,1,1
69.5824756266789,8.533119955273047,50.42569558814463,5.241918043716037,1,0
65.79579488364892,7.277243155023553,82.72084121984685,7.5273041514174315,1,1
79.57811041110253,7.121266945842704,89.55869276248491,6.138006668516686,1,1
99.42601816442402,6.5675024039366585,46.038248711412,6.212727574073728,1,0
69.68221086046002,7.774449756018771,54.39244676535668,7.246611622884409,1,1
86.88542189623514,2.427445947637663,48.51831938565964,8.681403107344632,0,0
90.46478461314871,8.927836832790355,60.87648469493,4.320031733043105,1,1
69.50550175969599,8.846591749707088,67.02105873432475,8.123716186735038,0,0
89.12865394447438,1.2632255473110323,84.92958021779839,5.461915552060965,1,0
74.71132530877013,8.432350755082865,79.06885509290045,6.219597272531889,1,1
85.29223322374318,2.1598288072610066,77.25571404870587,4.109566643875045,1,0
85.34118843043579,4.016069688332277,61.142496796579266,5.505230389171565,1,0
81.43098736299034,7.69157430662447,90.4868531850856,6.513156213150652,0,1
63.61159080217633,2.4468390644347737,68.27723004388987,4.280880386737195,0,0
93.41209982356952,8.36170321707156,98.74629628090926,6.455478646915825,1,2
72.83120259886944,8.489207601619677,78.04852829774421,8.635553144292135,0,1
67.46074041599417,5.567209603847526,47.57588449387016,4.526966090539026,1,0
61.63100566219056,1.0574728454515023,80.57065372452604,7.822203640377522,1,0
83.63571772752968,3.583343198574215,59.506240925901935,6.048355266879963,0,0
87.1025744736913,6.55234226538168,81.17963180116584,7.27586857262169,0,0
60.663513157114245,9.830675602246812,44.178468889744344,5.301182989926147,1,0
80.48372233197124,6.686321743150016,50.49288623055756,4.797461312706791,1,0
69.05983100791752,3.338232229577438,91.34423553434718,4.802313071356132,0,0
85.80691161637799,6.706051327896502,53.63077342141089,4.352459728215723,1,1
66.97465716019965,5.8598684174427,90.22246751457641,4.928233524506215,0,1
87.63750952409865,8.018608556360292,56.75656530726462,7.321096924944841,1,0
75.46941385202149,1.9628257494426258,78.57291460352246,8.408453059217539,1,0
97.46919954946938,7.849251122518252,81.64903441058986,8.070628427955809,0,2
65.50083776583973,5.871399208084992,70.75928518870317,7.425671549372421,0,0
73.64265404201034,9.666928034730951,58.31864060180388,4.552159317055513,0,0
64.53894084962356,4.076849494348175,52.75866258226577,5.445937231479749,1,0
96.98774473114251,6.693597038205533,41.991361273745575,5.549034376612345,1,1
95.09357413523924,9.388252949590157,58.23678407444343,5.249784731988106,1,1
70.31766510860622,1.9225875519161133,79.18976743187699,6.575028298548616,1,0
86.39936184136715,9.43505638512806,96.29828910690895,6.677769074398363,0,2
92.68888800804864,7.19097150070732,92.27226893578313,5.784429875855551,1,1
82.2080324639785,1.610533531946547,85.96388659211816,5.76894579368218,1,0
81.18602313424026,3.708672102521346,87.30684059519791,8.142777989530407,1,0
69.67409163601806,7.373548797807534,79.89909420855972,7.946464241598428,0,1
63.72411071223597,1.6061554132189453,55.61721145396018,5.538979158403729,1,0
95.88863031813307,6.23953414158646,94.43170184234978,8.568942219366296,1,1
96.01672228653322,4.112947512576611,80.24393871435004,8.76407508501253,0,0
85.32405829093072,6.588239659907294,73.62643785882639,5.6337127101502045,1,1
73.56119164194803,1.4116783043126158,46.65936815280887,5.772124743965274,1,0
73.96838298450643,8.843831255371386,66.82333262838553,6.528170767109794,0,1
89.03822715480958,9.761400722596573,67.62149627211558,8.705604062668368,1,2
95.88441039810309,9.719900697571223,91.87381657136021,8.381597165711558,1,2
95.48345697060469,7.746866485686322,72.79889321126731,4.5128398129179494,1,1
91.19502183430495,2.170776161175688,62.824032938224576,5.963653716357081,0,0
85.68126584617151,7.824368763361203,98.60801971063955,6.766855948748859,1,2
63.365598599801956,1.2212822481292136,46.643235599578944,6.5156623627577,1,0
66.46514856378455,1.1991119637609753,65.35290569871668,4.969315339684464,0,0
95.94216754108317,3.912491972345871,42.52148051028432,8.294083855840773,0,0
84.2571623863836,5.397788713641992,84.39424724601582,7.384703914984186,1,1
60.36788206466519,7.933666760270139,95.08459313194903,8.189541874259017,1,2
64.05886171464128,7.149658389458547,56.80223977302937,8.293821396747362,1,0
86.54007076432222,5.013124357390735,91.50050060794726,7.741779268328699,1,1
60.20246335384875,3.462639996534993,57.53309382771387,6.196053006248587,0,0
66.43232205669995,9.9741205014194,94.64620969863492,7.052733775077122,1,2
81.94935157466344,4.835631720123756,85.23771421580705,4.801827030598716,0,0
87.67580790770774,5.062483218967079,88.29440661048632,7.368227087374539,0,1
86.07845038010402,2.4726143907250226,41.08039333602727,4.8962662786964035,1,0
68.9707723784224,8.153285938749365,97.76862142444156,7.469747952550784,1,1
88.48716885390144,7.243140032033398,83.6002595242194,5.147990803769844,0,1
69.489963499872,2.9869265150988435,58.285065723168,4.5877565007511,0,0
73.01598792637071,1.7414294105425843,89.76367989153081,4.826422450714787,1,0
89.85965620472096,7.124493718672418,56.891271904895795,4.009960676095352,0,0
85.98531596188859,6.890600928530217,92.36523037396768,7.593698089267651,1,2
93.96893641976712,3.459335742983884,46.75482342471622,7.662005245291896,1,0
86.30451569201374,9.557772060253694,82.22115864764774,6.574666749566298,0,1
82.73234413341886,2.3595210260281023,72.44190859869462,4.806814005276919,0,0
63.7469907131237,4.891013209383417,45.792068211726445,4.417771687553449,1,0
74.70863212237734,9.49254328150839,54.51362969553034,4.095644832186435,0,1
70.60809470726902,4.7775458523351,40.744242176638885,4.828740884826104,1,0
69.75958573516334,6.74673352897677,68.12607792787034,8.454277674915733,1,0
98.92042219009782,4.578349581665148,58.07591564560002,5.207684208508409,1,0
75.72390898667041,3.4679368211380304,75.90144905786553,5.771356636086079,0,0
95.68186220708454,9.855798831638454,57.83426846251703,4.526727422406666,1,1
85.24554503989052,4.684006056835387,57.99514669041908,5.111806523740851,1,0
91.79245214166593,9.04689283311221,84.5915919238962,6.596122853901026,1,1
80.10548372420769,3.0695914530197754,42.88857015870121,7.038763415478263,1,0
83.07615538505436,2.9179423362257495,94.17369971151923,5.226761570831055,1,0
79.70070775275455,1.2802067459606024,91.13583246347089,4.288660796125586,1,0
67.80971951192178,6.865001428382966,80.06828099358438,5.955164345636993,1,1
88.89808461046022,4.316737093513851,75.59329420644306,5.17101685463167,1,0
71.23089449763424,8.779224248556734,93.53814988837914,5.09776961614901,1,2
60.97263865725815,5.258889160224014,51.11981077172287,8.799314013567276,1,0
85.81889183628671,9.713740851232496,44.73814973144972,7.08150242962862,1,1
67.08442717628196,2.6697296413280904,54.370610194572286,6.784392215860479,0,0
97.61834337411656,8.817608511600497,87.67469672201142,6.078875517616609,1,2
98.1571430801035,7.989371675125676,42.080216003589,6.144721667150721,1,1
96.59457560881793,7.938296601796468,74.96841010500938,6.704525019190404,1,1
74.80634801021777,8.60304905305199,99.7262509714786,7.482149035180536,0,2
60.6182646611547,7.84921591848699,91.34176563025237,7.510730480909148,1,1
97.13274250350901,6.635982894682739,71.28674134261537,4.858469538527248,0,1
77.12736593269257,2.1812038991414884,43.81845455719854,6.500563760383135,1,0
98.66619276174679,1.2927356154212672,89.88241086314258,6.05979047517051,1,0
98.54479908357011,9.287630630341182,75.93871049063263,8.352634831346922,0,1
94.12037821869441,6.549852830686643,46.89597982357401,7.157094606091881,1,0
71.77795568278343,8.168835618785586,45.63143708940137,6.662520332079909,0,0
75.403909144077,5.33370116361295,94.57760916619554,4.576973210894587,0,1
94.04546686067428,2.0557737006615504,80.15201577628471,7.028189446617057,1,0
72.6768802062511,2.126672129822954,89.75720795900534,4.586019528401167,1,0
66.7797098674437,7.170087585060743,92.73873401693604,5.68603287782876,1,1
82.27205049833401,4.872753054095164,74.30634112289934,4.714209824071659,1,0
97.44619096643123,2.8047225403030307,71.04678110530247,7.4603682351218445,0,0
87.84119186699891,5.424350920672932,65.8256446192594,5.031260569180763,0,1
82.8024468035746,1.577880433676207,59.01679526746716,5.95929686594013,1,0
63.887059750830744,6.237742617229589,66.07575765152271,8.478373888093893,0,0
84.6002890679668,3.4209406399158793,86.43277934380939,5.021581916994851,0,0
99.60215400417053,8.178031905734693,76.11540586090788,6.539025319793895,1,2
65.60336060946096,3.793257630312164,93.55139739729077,6.09635830583011,0,0
80.73318609454947,5.09698134173621,66.60280086275127,4.090620205228649,0,0
95.09492287711822,1.1045848591729057,76.42537472312524,7.963790567864064,1,0
89.63074471016817,1.65202199015103,77.87845318551932,4.345229531572999,0,0
87.88062963981072,4.532442007660164,75.50182973837954,6.371275104884768,1,0
88.09936335948437,5.319449512454112,82.15802638513098,6.80339147469475,0,0
74.3796460487902,6.400184933073733,54.246008102488375,7.142132283072936,1,0
71.74367377057973,3.624963208383729,70.74182665274743,7.443158146539378,0,0
92.37444621914054,7.254836975138883,46.25348816850086,5.266361917613575,0,1
92.40453578716723,8.741101574702842,63.07067965868875,4.049893883292247,1,1
94.68289274320415,8.018658900040148,69.26002411727586,7.617218311774559,1,1
96.52962210225886,1.3565694281352143,79.13345557272835,6.678282996737893,1,0
80.4536959544375,5.32456252532046,97.0318631551722,8.180588516036245,1,0
80.06065178748798,1.9443716057635738,76.03906399290136,8.106941814503472,0,0
91.931807158671,3.178405142762747,84.61563497059359,8.216630838939416,0,1
85.99855723111061,9.879963339404318,70.37596356971217,6.425473299897701,0,2
88.07867509030814,2.282459886113619,78.04624188257988,5.668141979184329,1,0
91.83170677744404,5.489993381062204,44.25593296802641,7.95779101295685,0,0
95.60021367270265,6.563401608863072,55.26349485051082,6.256470565146275,0,1
73.51980627406144,7.322184734896935,61.711185592308325,4.917210982017172,1,0
75.02331810559775,6.036838151382227,68.34960130039082,8.274870097807373,1,0
63.75927759363476,1.087937626772653,42.738924730143026,8.412799383861737,0,0
83.13120563984697,3.938151774195927,48.401445853199064,6.33154878070085,1,0
61.43769095186968,5.6594047904624025,56.60885846747834,4.378498636548938,0,0
78.6239207252984,1.7907984923035003,98.29196145406304,5.939130449584656,0,0
81.70578538830307,4.155642380882627,59.88082042618305,8.017688297313017,1,0
71.46165008513138,1.298827979122299,68.92246348672495,8.508870142731144,0,0
83.63333042276042,1.7072064743951867,51.76586276430358,5.017363712487979,1,0
61.220009997561974,4.5723094858143645,76.64680426454609,4.334868060126357,1,0
61.493927549968575,2.194441786387543,56.84099293095846,8.386752265664192,0,0
92.90402242638633,6.107867634354023,52.419554706305604,5.947024694894377,0,1
74.40762565645052,7.2051847222353915,70.99435770675875,6.708804821337816,0,1
65.0824205060754,8.205280291981746,40.33034794962525,8.840329060253794,1,0
80.88973040219217,2.8013521982032907,40.45984195895352,4.332823639571115,0,0
90.79974212394444,2.507343240331628,53.14412854611147,7.241590037260478,1,0
68.63284109987373,1.9411105630096022,42.20328175004927,4.370527112874336,1,0
84.91561903276,6.72787224589273,46.48154524784148,5.877344642332502,0,0
63.41389859975072,7.35828153838211,60.331638960325094,8.019072725967234,1,0
62.067268846744305,1.2842753034307783,88.15514077478878,6.167361163778172,0,0
81.25418526272591,9.42591021619321,74.32291860215804,8.985911769514752,0,1
81.62540486440426,1.4677415528632518,70.76006355738498,6.795296424733011,0,0
85.49719605992826,5.871667017709634,57.6093293924873,5.605810763179767,0,0
89.04365334890646,7.381544675058247,95.90522316596898,5.100556629523766,0,1
99.03408317850139,8.83872211371477,63.8209024742315,5.752602671430809,0,2
80.65201393204781,7.4267823891918505,45.22556600774629,5.862666368797754,0,0
72.91825891764984,8.215552747628127,77.02399096706807,4.343568388619805,1,1
91.80744779074814,4.0550517328852544,46.83030360859608,5.847870997133866,0,0
70.83329005048297,8.33342602371861,60.71338856810152,6.321192598696125,1,0
77.55885682822544,1.7210336174620764,70.44471632306853,7.613688761194023,1,0
63.13825525369064,9.05334990454475,92.45335148111054,7.2836474236080395,1,1
61.0140297366183,5.928331385383626,69.61279482040712,7.543828276145771,0,0
98.505936587117,8.355679929662443,82.13552596189986,4.041818409384286,1,1
93.43920482048824,5.070864560664702,99.56901033994421,5.0883369979026805,1,1
87.83896824374793,6.792199256768725,47.8893471938789,7.308421441999283,0,1
76.3581177765708,5.737623948425019,56.48389153117117,6.419946840898736,0,0
66.93177280283383,7.584305695797987,63.674564535858785,4.0265673783417295,1,1
66.25748170684344,1.7346698382753063,65.30969071232988,8.022473212159111,0,0
70.00971592658381,1.5431687559150742,64.66126451593274,7.864047866451687,0,0
81.96906658824481,3.223929106091318,94.4566601533933,6.742095814967813,0,0
88.5838369080025,2.435902121018695,82.84195866801139,4.332316628881361,0,0
86.40789506870925,8.846052099329814,76.47431284544223,7.832575247662923,1,1
71.19735587783771,2.9729258862223986,58.562363071766924,6.918567938656819,0,0
98.19461122652777,9.782787302372181,89.42742305327768,7.909799885789796,0,2
89.51587666783074,4.032062125939961,97.30363068909934,7.7587349619792025,0,1
82.17416210045603,2.6390612411982937,89.2718969530136,8.015010359789185,1,0
84.46882984937409,8.107286564282312,40.093906311488375,6.590040332023124,1,0
76.7840024971116,6.928369979507885,78.18408221100442,4.701622590967575,0,1
69.9092395800463,5.483761448078251,43.06812288652604,7.3557873668984435,0,0
74.23890714605047,5.998271958438681,55.456433220023314,7.102368925259853,1,0
90.31384441857476,7.472816004450374,43.5714820208663,7.711265935995436,0,0
60.57573954519023,3.0560926719816885,76.22772717696327,4.849405030253677,0,0
64.64290562027665,9.967005244510677,81.1953948095564,4.974875999501446,1,2
61.84010568087011,9.773138459321048,46.86925828395431,8.452047586096644,0,0
61.62915209275881,6.852931177122432,63.030332982698766,7.749888992260354,0,0
94.21842336044028,2.7958820583623063,67.37419053733252,8.541142443501615,1,0
88.14631437520094,7.122054181881622,62.14318130565499,7.793576605819604,1,1
78.966953163493,1.6497856808125826,47.26150002911158,6.98577652995151,0,0
63.91336642604006,1.2758725198522547,65.13686741124852,7.270663685139368,1,0
79.6646350046733,3.3191459966009234,85.07068286850509,8.44563961970005,0,0
78.93887083122263,5.163606610653847,44.26045987199533,6.894033772559703,0,0
66.92807479640061,8.814452548675424,44.810800844914205,7.161956621641937,0,0
77.35406596951893,7.544521627896772,61.28627751015905,4.782383580018003,1,1
75.94018937589493,7.684358690799829,96.5035426971355,6.369606100580514,1,2
84.63400392208865,4.829440010032679,80.11435880337484,7.581985559790494,0,1
85.40374603470575,4.113414932922666,80.7201974003539,5.354713491581827,0,0
61.81216039088178,4.339348866861425,61.715199450271896,5.011270902622675,1,0
74.98450458505884,9.88884607362452,75.6196474725123,5.569134041122078,1,1
85.03439662856945,1.3609827227123423,40.6078710416646,5.207503139964167,1,0
80.12545034320351,8.803283465102037,78.16576278457254,5.0745631851819795,0,2
94.25959364753288,6.208078677151541,94.7972168545742,6.124254214340435,1,1
86.3477452647578,4.947538772706315,76.75440810068915,8.53919256941767,1,1
66.51737708325719,7.527318943736229,92.42191560798071,6.535298233693592,0,1
62.82274989601719,5.380020472822325,83.43838332796562,4.939601904076615,0,1
85.69677112825262,8.860809142734945,47.23350498422141,4.3848583469043705,0,0
61.06045242166487,9.106316776101327,94.14719843715051,7.480780725689626,1,2
83.43102325093852,4.795488341861098,43.986630661346496,5.913993822181939,0,0
97.6092096569983,3.4914501751154643,72.03804835286583,8.109154732926797,0,0
83.01896711503517,6.33115295734026,48.52822742760746,7.2975538432038505,0,0
75.52679704826087,9.211270110550219,40.70239664385424,7.9812072527068425,0,1
85.73152873769413,2.895959701050999,65.32205560765834,5.359730197092244,1,0
78.33011561966066,6.606699252071345,57.702442459249376,7.46179461230529,0,0
81.8246715726374,6.684041980832685,69.16002962785618,5.320309923468594,1,1
97.658592351061,7.5980172017375285,74.63199320407304,8.695342397251459,1,1
75.44410551203097,2.1841091661453382,42.624344338536844,7.181871407666872,1,0
98.44762255295657,7.442424682138797,47.38019770742474,5.622559000876711,0,1
96.21402567824255,9.181292685990769,73.51854378702552,5.347559311461364,1,2
67.83164539157185,2.6171479798321777,60.59004119035949,4.954632925358218,0,0
62.77445203500662,3.1378899243148988,83.75040925296688,7.473204794468639,0,0
64.03112005509706,9.742555846374756,79.13749891551637,5.093578064989637,0,1
60.72887302606199,2.628792574385408,90.73626177939441,6.9765163296374455,1,0
63.77771843023714,8.689465840326212,81.54956960015352,5.323175134626787,0,1
87.32027093665428,5.430500708032313,65.79586464340889,7.309844723969343,0,0
62.84754593840916,3.2250796696285935,80.37799734366595,8.074698642702696,0,0
72.75902521175045,8.836749111452603,56.52287045532511,7.8901262157232654,1,1
93.79501243877817,5.007747295023989,58.37880992669276,7.8042566546539085,1,0
60.93087742943303,5.633356185367211,87.3391095952476,4.93861202846126,1,0
92.57873930355743,4.233100324597891,66.78517098409493,4.441924734922593,0,0
71.27419099093599,6.3365576629143465,87.90282043110115,7.494744142436928,1,1
64.72659310486625,2.4717148532652047,89.3453424200967,5.841736068971756,0,0
87.86948661456603,4.519733829865846,91.45374025967703,6.161731132016737,0,1
85.15771387119536,9.724710901017588,94.99811415047245,4.155745463966955,1,2
95.09888054108211,3.3232008943101476,65.85911323079777,5.297882246375246,0,0
89.40284175215544,6.910629980871629,59.13200909926833,4.16838201937232,1,1
92.13923721539393,3.926710578022254,74.93192479564684,8.395928863006239,0,0
71.28138290285226,7.961258131179406,62.270345406257654,5.216983416092653,1,1
67.09758175118891,2.177862946465148,76.06445000801398,6.786685847865041,0,0
90.02459006563433,9.728389405706903,82.33515175862948,4.1948966033056525,0,2
92.27338957069057,5.084105872452753,81.30430110952821,7.33423695652829,0,1
99.62020568002694,3.1244541701181756,62.47317322120728,5.615136728770469,0,0
76.50470707645707,1.6614707259701138,50.01161210192517,8.48959593478833,0,0
74.88072343171133,2.5278211457878665,65.83176030773245,8.440590944670179,1,0
91.05651842967987,5.677965537004159,48.55564864491453,5.626453091808739,0,0
73.63214161012071,4.033028587881576,93.4058221110285,8.504804478452339,1,0
97.23029302414258,8.459950292943486,60.75264764427145,8.980788367493894,1,1
94.33651007372048,4.877987712956253,49.267584833399425,8.127078320619741,1,0
77.15976109500073,3.238428453288669,41.526865594345054,8.224356738776144,0,0
90.03484271165989,6.554304879436271,78.74934317718905,5.24504368054545,0,1
90.1817149633873,7.360994951969012,78.21413904728459,6.8835119942887815,0,1
64.12495475343731,2.5033771711085486,60.4362499948775,4.336279569836839,1,0
96.10211626718267,2.508572946594859,44.30271333085906,4.474589684108349,0,0
80.21009489791429,1.3300428424018866,64.57773369371392,8.994463060166453,0,0
93.05829864430967,7.627618135590764,58.67304970380361,5.633196247129555,1,1
72.80198404122447,6.974240748596245,80.62723838410056,7.740919560244231,1,1
95.82092913984802,5.2716778817483245,76.34675496716142,8.033325265134081,1,1
75.56806714936653,8.597534040722774,61.8756236918524,8.290116355036146,1,1
60.433506059211936,8.251031376550479,53.0735532552994,8.988141487010783,1,0
96.21527905677056,6.26818927957077,99.28215796933551,5.207482426284339,1,1
63.65146707144534,8.814441524619328,67.2400972717669,4.201754134298499,0,1
72.7725455036166,2.8525708903309144,81.29645414681423,6.05595758997293,1,0
98.0024786820322,2.007276574579551,48.43317805470164,4.650403349144735,0,0
98.02428587750225,3.4277465036529065,69.13538197956387,4.112129445810275,0,0
82.93751552493144,1.5137817048038338,41.65220319216793,5.802134135707431,0,0
85.27348848679196,5.780525752009288,70.327307074627,7.918691255376182,1,1
77.93782087913279,9.429451230654653,97.84104442706214,6.8309034561253545,0,1
71.72843086792258,1.3540918660165868,63.05240277914801,5.56388994605177,1,0
73.14658181479663,2.098989226090241,42.3397607544947,7.271710027463598,1,0
86.90073824308153,5.069791254550918,41.857347455160614,5.160090901544054,0,0
90.09498117750721,9.404875157751144,63.27920559681217,4.071907230360425,1,1
91.66316174903395,3.8454049447907543,49.60149618779164,7.821766932182137,0,0
91.58472571178216,5.565113278195532,41.40112577969116,7.118715424320046,0,0
63.64824412194761,1.3741557314535289,85.37281683701062,7.8115131225048,1,0
79.77681218810326,2.3350888086587998,67.51138053291345,4.194690083438328,0,0
62.30235040066577,9.879671106629623,57.35468631835927,8.18559813915326,0,1
81.98115529294942,9.68606826792441,94.00499098098885,7.097631000181517,0,2
77.66122005493509,1.0444598284096864,46.96833761203153,6.816976753563201,1,0
95.508167310332,9.566306068809151,97.35512973731915,7.123070240572658,0,2
74.03660050208315,6.752079440339504,58.83800304264117,8.322166234341822,1,1
64.68268065710423,8.811264650680199,93.30422033852088,6.934682532794535,1,2
65.71966728211343,5.092658700704732,76.1765725887677,6.904751899440896,0,1
90.46042526869888,5.640364257213252,89.60244158448924,8.95339578532883,0,1
84.72872253265044,5.399619222312282,99.04078979262786,7.78365083534284,1,1
64.04490704491161,7.001778317914939,57.30432626912474,6.211469027255676,1,0
63.364272244599896,2.256861292806816,97.66812912445558,7.536985000164639,0,0
88.0387652583648,1.2697623088541015,63.36891369414522,5.946152358458942,0,0
62.91052025456774,3.7713694743207182,63.130714284215344,5.144377312417495,1,0
92.87440237161425,7.342126864629821,60.42322625527034,6.984259384438797,1,1
88.24968908625985,2.816681069106535,72.48445644085511,8.640910490569757,1,0
63.25395122567599,7.060891899924256,49.24870259070923,8.645697600077312,1,0
63.39350856340768,9.729208414965434,73.22268912148067,5.709526390527452,1,1
99.46558314004702,1.8451064421047656,72.50228874460024,6.638387331108475,0,0
74.9708318302448,7.053419064026136,85.7141087562922,5.058179492849306,1,0
74.82568588267563,4.993751973741141,90.01899771625514,8.978155547494417,1,0
92.5119826903001,8.813280289397548,66.42648101874545,8.90558953933968,0,1
97.88994309535434,2.594348105026473,58.13999496108963,7.247544648537237,0,0
99.44004255291483,7.23363357003548,55.56009383902567,8.022070298387366,1,1
90.13512741035767,8.543037606832993,51.677430202292314,7.5755008064185,1,1
75.05038342123663,9.501527975266209,43.458854931941495,6.965791095197341,0,0
63.340028667946754,7.1492322546068126,60.546878730082796,4.266739984944488,1,0
91.08587663709747,5.474572876075846,56.21486152784699,6.273821712763305,1,0
82.3361699894322,6.560625161810925,97.98504315198444,7.3739315108370524,0,1
76.96888036987906,8.820144860308464,73.46252957500263,7.387658069418423,1,1
96.25417540378945,6.1354877197494675,60.83662234183045,5.865613092111918,0,1
64.44789929224605,1.2734835372715319,74.82805605962176,8.708459933290154,0,0
79.70500417163436,9.3785382595628,48.351802080741734,4.836785161183905,0,1
60.454145790696764,7.20574075928405,66.64262495213217,6.501797231077803,0,0
78.74642567976505,7.088620471995219,77.57405928526383,7.454419882754114,1,1
62.25213102727349,2.9410763715794546,69.33386990754708,7.485679029459046,0,0
64.75271665072287,6.929969232093915,64.10672803925945,7.2431947838440776,1,0
64.7010498710842,4.544779650887426,99.63090333398189,5.376441067259301,1,0
85.96841208464255,6.861096793373429,92.81888572893561,4.78103284343311,1,1
89.84179517061693,1.9593372727719165,77.40435748956641,7.179701634133554,1,0
83.33475060388639,6.920607741427324,74.16264167093696,6.996510580697189,1,1
98.48690193898167,9.994723531936,77.23962878947503,4.896780051446205,0,2
74.99482318094816,1.4339083497450043,52.078726469345995,7.525695727852817,0,0
71.42848345127443,9.794567657991855,63.70826459585912,6.275859958668282,0,1
94.7439651275784,4.662171646505835,42.36757197345396,7.338802958015765,0,0
68.9438335407781,8.836781053035333,68.5327622492096,8.186835398850754,1,2
98.52890157762445,8.04146935652446,72.5814750374598,4.848642142884616,0,1
60.48617898759265,6.10314634888001,53.664984166192575,4.095724339984184,1,0
98.79515306830555,7.646042883261939,97.84173082993082,7.895512931978934,1,2
61.72639647802305,8.906640051712131,94.56727665623453,7.04848712576308,0,1
95.64572454792284,4.637262894859297,83.32859412735435,7.498197848110609,0,1
81.108044363452,3.943298454069148,72.00319772592175,8.190774874943212,0,0
99.71859184477202,7.0083404700722625,92.19814957886109,8.014054674122502,0,1
62.95186258941595,8.270613477471327,47.83914062940777,8.804600734644122,1,1
82.15417137605283,7.860566212989542,87.4305876564931,6.679675394260591,1,2
98.77210142476396,8.18032283972771,47.489248838010894,6.442478163299526,0,1
80.92391376680595,4.920249833316397,87.65263975296432,6.00943599945365,1,0
85.1759455254105,8.360507945575193,56.546054095081416,4.768455214221023,1,1
87.82994755938469,2.081881498335476,92.62543486109134,6.863036164410112,1,0
78.18164259071094,5.900401881647646,96.64252562952387,5.385062621629894,0,1
85.10232320336254,1.0518279444830942,48.92775816430694,8.606537561064878,1,0
83.372572476924,3.9212724691024325,67.76053630392362,6.915954021385488,0,0
96.04632041963956,4.298153813842581,98.8592426897611,6.964200902540551,0,1
61.81785521365831,4.565554224483298,69.00444615838879,5.774623304385051,1,0
71.2385275836892,7.25920486020876,91.8128513508727,4.259946759888537,1,1
98.01645936306235,4.4970229114331115,75.32389132787918,4.158718826864943,0,1
95.61055135563666,5.038242603602776,62.51979447517611,6.116675720765988,1,1
78.22627011142852,3.1378971778689473,57.147013331552216,4.422826890486189,1,0
84.80530391206148,4.35926612466406,52.193385465165235,7.0342347777006955,0,0
71.0952473192453,3.045426645368363,85.70789148266184,8.404865028198287,0,0
67.52484638895045,1.6587633139159927,63.19243040938167,8.41457408259361,0,0
78.54793619759928,6.431037340432401,70.67652773204507,7.295227050661162,0,1
74.13408912104211,7.013915186995146,69.53952880007091,5.056159157364656,1,2
83.34624447403488,6.575413114086531,74.63674175398788,8.31498415679436,1,1
63.10938547859939,5.171446394205152,91.93462873747313,8.43046717656604,0,0
98.97579230664667,4.418072021613068,98.84436061500577,4.983267924764793,0,1
99.44842977918412,8.770002846146427,64.45505251442901,7.687130428853386,0,2
87.9264685607898,5.671736066225963,89.65113532637818,5.432597744635615,1,1
81.44385465376482,5.312636898667579,85.87166767928306,8.01320156176465,0,1
72.38110465145311,1.2307785922579213,74.41173708733439,8.986189499518012,1,0
92.55180078827794,4.071230448635407,97.36282861671599,4.1501300266469645,0,1
87.38924690215518,4.421760569072713,52.02847093170416,8.48682932895466,0,0
66.50467757379565,4.589405028072104,46.55585261857728,7.11315266799329,0,0
96.4370873797537,6.221551323045991,91.23771801732534,8.866913095824106,1,2
92.90148971692676,5.802422920541906,66.3489889980249,6.325047587632138,1,0
97.99199653167696,6.471145835141002,90.81813125242363,8.236939652856869,1,2
89.0287803355344,7.883949353879155,93.5854123117249,4.311970342991386,0,2
84.5366078374316,8.316871648444842,43.74745561714428,5.6763952503914785,1,0
76.72972145162475,7.46310768603845,93.00788577916364,4.335082688756049,1,1
97.30913933416053,9.599713263594412,66.89914332216533,8.876715667395352,0,1
94.64255558001634,1.1640932440872547,70.62594934025392,8.084869536359184,0,0
61.808746804247576,2.7620018711519148,77.59555066559261,8.262737106229853,1,0
61.05467897989008,1.068065874803279,95.58295640380521,8.68982615716947,1,0
75.05853467512199,6.827272427391427,41.14696566578584,4.425517430598926,1,0
92.4221332312733,9.082274940549881,68.61060809906903,5.927987962566666,1,2
99.49104517259778,3.1913406691866935,81.26332254583363,4.355174445220011,0,0
66.01667564414113,9.34331090316676,83.3624174618937,5.053965507750143,0,1
83.7652286140854,1.5424065126060476,81.55194589222648,5.146828885188362,0,0
75.23563426524086,9.409924241249628,48.06610776448731,6.345536055237893,1,1
98.79657591258413,4.16460418515671,57.963735302300876,5.342810837268213,1,0
93.68475692542835,1.9127874560429485,61.52293152502081,4.504890534088806,0,0
93.53314818844552,5.372845832676931,88.2662324607703,4.837455445470539,0,1
78.7477263917988,3.3109891094845714,56.72559234487318,4.736377817760455,1,0
76.5927800935066,3.5638561176573056,52.64229783203219,8.865383989561492,1,0
70.93628287722825,3.765609684336579,97.44688114228578,7.796462534592369,0,0
62.25501986603709,8.22723308049397,40.531797106808135,8.83880732634781,0,0
94.58889505020213,5.85245149007729,99.8692513409187,6.198702432539543,0,1
92.51604036520311,3.8017692924040327,80.60927793144373,5.391842408313283,1,1
99.98870693144522,6.493004049798265,89.70815796694703,7.991465986045934,1,1
99.86547348295622,7.445356068008742,57.67716378077159,5.631269590205734,1,1
82.2172682241051,3.453616006601804,40.858916660023596,5.496916868526741,1,0
90.75949660722043,4.7219419137281635,84.2721711136918,5.162529961039156,1,1
97.79062919529713,2.096974840032528,90.04867582004054,4.6483948911211765,1,0
93.98589562709645,2.630344145812123,84.42856791721115,5.28231530508383,0,0
69.8939240697279,7.130060685684845,48.57101723805032,5.776598742369439,0,0
78.02176541240374,2.6329451292606425,85.20567533541814,7.369971040728652,1,0
65.1663766060598,5.726470453003541,86.13536692645846,4.312824211097258,0,1
98.1620410903489,7.381416355501894,79.5124309402033,5.052534698326715,1,1
84.2469853780352,1.9618923078526946,85.96695596773517,8.045118201458383,0,0
69.1457122201385,6.105809976660132,90.75528638066393,4.734609617918854,1,1
86.86802737623427,3.309065053312274,76.81624685424751,5.7132257326126075,0,0
84.72512961831583,9.666341877138219,45.31628283818074,8.3232946092907,0,1
74.32650872131362,5.351910820479323,69.25766858003266,4.774626555717213,1,0
64.54230368798517,8.253932947976423,44.6589600802963,4.41368417809095,1,0
86.86292782371198,5.952038879406356,64.45258186194584,6.422689975400054,0,0
80.81230803615173,1.3907127956933725,64.42638934753765,5.512097556392682,0,0
90.89273566942558,6.698362380346201,43.960590648414495,6.81704182241927,1,0
80.80654004447973,9.562630079859913,60.92923203816876,8.019024452417376,0,2
94.08726001274161,6.414506381316981,46.65988592747889,4.685742440763716,1,1
82.07627355097942,8.372699734841111,88.49411260055334,6.9034954227714245,1,1
82.43751886141546,8.957858170135669,96.86128155786824,6.527543801949319,0,2
95.06614410633381,3.0527179475403923,44.338988515476316,4.720393930065998,1,0
76.13931464849588,2.90840355917404,97.30691243750209,7.119992427644912,0,1
65.36060913802562,6.498828899658926,71.3545959602047,5.368202089303859,0,0
61.15130705253356,4.699256228260342,57.973940677232434,6.439171592720062,1,0
90.20549022694476,8.558751725800484,44.61172451656981,4.41136162138531,0,1
84.8123820541386,9.1002081105821,70.03745608422507,6.297920286068115,1,1
88.16319072396894,4.180792413724463,87.67093266944492,5.532317340214101,1,1
68.51856646035642,3.1318350307703384,82.42518863600189,8.111906055926772,1,0
65.45485902347079,8.024729637194756,43.01356068783843,4.284893634986841,0,1
60.58178662671528,3.4732543199332246,44.374110122074214,6.09303637459165,1,0
74.02350235226388,8.403528866623105,64.17239695795823,6.2921571206571905,0,1
83.59670747418532,4.813644282838865,57.717429642876596,7.625030381495593,1,0
75.68976180398928,7.0079490936232345,53.94305938336287,6.871437875451055,1,0
77.49899688094916,1.8598178245120136,56.86026993452282,7.336061685970906,1,0
96.16634777974994,6.614733922089157,88.20896459781308,7.885246428258781,0,1
73.93021868093201,5.065909108635062,95.75368321791123,8.311014868290943,0,1
80.55957956639243,6.279476168579267,64.30616167165398,5.569377483612353,1,1
91.34612050964571,2.5121278697037708,94.36666012794981,6.690113526819514,1,0
75.8617112928508,7.631863704497639,59.28974207487292,8.200540392196,0,1
84.88346800911494,8.765173697889058,68.5862191806275,8.947255654825282,0,1
94.4945483498698,2.9506582008169806,53.56173986895998,8.447596555218816,0,0
97.98082494630569,1.8614309996814555,78.42856253055064,5.857336313121884,1,0
65.88293923716152,1.2127472744170276,98.73886691048853,4.975832586093252,0,0
97.06350500645978,6.777743503989394,76.20958576260273,6.4469626870329435,1,2
79.68465172318153,6.463846324799027,61.46884504681293,7.708207259180211,0,0
70.32977553195833,5.92027671442663,78.86904675943171,6.462845353766488,1,0
78.36543024953045,3.087523865043779,47.375240707923254,6.4159043165683425,1,0
99.20130301141909,4.518153963149632,93.31954481592392,8.191152105409003,1,1
79.70472375971478,6.350287016675558,70.18503704679019,5.807018895335932,0,0
73.15006441150032,5.470901729732525,66.96098452237852,8.298973374058228,0,0
85.33603417266903,9.890069681933985,75.15188730721115,6.034024004758618,0,2
69.60582475112773,2.227957773010598,77.48703176736414,5.6411655283916975,1,0
63.03453312434656,7.256300986428344,44.30654837359078,6.269949555998495,1,0
65.15518887642597,4.638868912938629,80.95703327340414,7.812234793374342,0,0
65.1218335583109,4.853796534330533,54.515900818931776,4.630010139319971,1,0
66.07610774049178,7.458379890923586,82.83715795039538,4.982096079360087,1,1
65.5530869059764,7.231925361919327,89.3520876630518,8.75722412831546,1,1
85.63498979212858,9.921303943319694,88.23751045315122,4.877458136906787,0,2
67.27520337596579,2.155548605087127,73.15005804447335,6.838636589655273,1,0
73.82669133295452,1.936986844457497,71.21019353864507,6.896572333309689,0,0
95.87153639624047,7.51904935415867,48.5725576803647,6.4481223102512235,0,1
78.95846561051489,6.205482253057681,86.52076902418813,7.2237262428840925,0,1
86.70230954084109,3.4674459990382527,56.28456282680286,5.149133628988093,0,0
66.8927948480652,1.7147743209008794,69.80172536907679,6.7633113388837405,0,0
67.69156075234683,1.770924246367875,57.056445575651004,5.860866276234486,1,0
61.63474465065916,9.047717871977065,48.029701779981586,7.308336298145945,0,1
66.75740252288658,2.726805922468686,77.77346181350418,4.706117716865747,0,0
71.14361356127834,3.9103440590396867,43.25992208937423,6.854387084197381,0,0
67.08041937106987,3.039907620042892,84.918714047572,4.9263517769166185,1,0
63.548101350282224,4.194966752487436,59.055207715666995,5.393215315575182,1,0
64.82543484402403,1.6248145847148403,40.00808158026912,5.093549001617916,1,0
78.43115072130902,5.671538118174434,70.6677483542338,4.914188899344086,1,0
68.2533487362317,1.6085130723299341,42.811114511656186,8.128554757803336,0,0
74.57079444192301,8.203208570401255,56.57017346925397,5.428537838304452,0,1
80.13669083419427,3.103408737193897,82.41858924734296,8.635618909322247,1,0
87.61579314517462,5.860107231440596,43.76137729731195,8.849632626725954,1,0
61.57248559364396,8.920711788053124,90.36030954136014,6.856302349685487,1,1
91.9764159563617,6.8578963214247475,40.22919535951499,4.715005613328632,1,0
85.11601557963631,5.796620078962018,54.809432152114134,5.872741216897906,0,0
63.270361277954876,3.9190037780383804,84.45424336912428,7.98866131674107,1,0
94.94314496427108,3.9970172175237813,58.97620898375841,5.836953643485352,1,0
96.83489602127253,7.025382596783711,46.11354328396081,4.435086091513944,1,0
62.44311839419455,9.947254250990508,61.61403512802568,6.78392455464094,1,1
71.07510592588815,6.9565527086444074,56.22359718307153,8.225604257480175,1,0
92.24805119172245,6.020050756330225,90.56271412963329,7.979631935717512,1,1
89.93038761534633,7.575854592153215,58.80087505510859,4.875615700651766,1,1
67.38084077425509,5.186850510553463,87.33594830656043,7.363823072062333,0,0
68.37397293346841,1.541281083407067,93.51232868864409,5.102521317178235,0,0
74.81888411165528,6.0606713429011885,66.02904517459177,5.091037672760861,0,0
79.38091940764085,9.618627560548422,94.59658863126353,8.370358866525926,0,2
84.73019086121184,2.577726481218937,62.63908323779157,5.248344763701151,0,0
74.75654558279089,7.210044017385991,97.8447049894065,5.316236732590056,0,1
78.50138864532592,2.8084031979315083,45.35737147153438,4.003266953806498,1,0
89.89883752535026,5.822449160257731,81.22115599019457,8.353345170627588,1,1
61.467328115623914,1.8700880468204766,69.62884242741572,7.962974066045674,0,0
70.09747777376083,5.053338426323666,63.25892832733882,7.13664467545339,1,0
88.5339834353821,7.805469960057215,77.96271272491606,7.751328819694211,0,1
95.80827350748797,4.128143718150839,82.23142549805988,4.760242837122459,1,0
80.46709768462665,6.984205520384962,40.261796179018546,6.291617972937877,1,0
81.28453941061262,8.159049647107562,50.01718532483192,5.756096936743905,1,1
64.28688045359104,9.344600375315075,82.78276303805913,4.468882631285083,1,2
77.89649467293819,3.111778736699082,79.98312481469239,6.43065242607462,1,0
81.30469065820093,4.593843242283773,97.96285030772063,8.603698251713176,1,1
69.69882014538919,2.371744119973757,85.66226741504698,4.200295595253472,0,0
70.76972923797524,9.932351519425376,97.04636246388029,5.457304567468969,0,2
75.0913665241849,9.343008711318658,82.15243009208842,5.037704681028517,1,2
60.802847911109055,5.859614172525037,57.883132518366594,5.190733268328481,0,0
72.88316662332713,8.578299649387791,46.32189533505139,8.542172759396877,1,0
68.45792027986178,5.6886217954483795,86.90943180069613,6.340345271171451,0,0
73.09989408711658,6.612271192024838,78.64895328855496,6.331497064699094,1,0
64.79048527277004,1.8021198890441497,42.89116074359777,7.802878212276411,0,0
95.6210912295958,7.797433784471272,61.6030279540587,4.772461020024629,1,1
83.74369814216195,2.1494213527171135,97.40798892905717,6.436326770500254,0,0
87.16409276577959,8.434608672272756,70.02406874261207,6.149926070605298,1,1
91.56684954429353,8.038252789033473,65.96374816118228,6.98455345273328,0,1
79.9376879571623,7.378702279686788,67.46197630955764,8.997788516252193,1,0
63.47681152349695,1.325443424722859,52.53296344030982,7.847244470410235,1,0
81.48426167274191,3.7281552035079573,62.122430251887714,5.989328515087136,1,0
83.47364472083517,3.368013129197586,62.188795359230596,8.137765261370234,0,0
89.81757896737321,4.241227667243672,43.14130121124835,4.853541816562401,0,0
77.26638184918718,1.7887847208745469,86.0540577110751,4.152318431544801,0,0
65.10321211182256,9.432620407279565,64.99026591423274,5.022241862321366,1,0
71.35103623194898,5.9842201664113865,89.3307932089854,5.702057780571298,0,0
74.5232918559454,3.749718795922212,91.02088006719373,6.552903787297799,1,0
85.83668965326405,4.5728336536685505,52.71964328191949,7.075645702705999,0,0
82.83113218675648,5.024822864543521,79.44120893020772,8.55302858607211,0,0
74.24386903591385,6.405349000245556,68.3369082497789,6.549270047752288,0,1
99.46060995171919,5.6411148492684795,92.8094042752891,6.506378223128647,0,1
84.23099277427548,9.274527758929755,52.94444075058725,4.2512150491149105,1,1
69.48907166943978,5.472671346152472,80.66879201860266,4.174557763281119,0,0
64.07129890481615,9.929422133409814,76.46512733516334,6.755799809581861,0,2
66.11436556737328,8.662824619705862,57.718088654309966,6.190893066241722,1,0
69.83830913538033,2.8765946292160223,48.196054219070355,8.195901974901492,1,0
66.42725493038223,9.375356931795245,79.09838562863659,4.803397923559226,0,1
67.46268096205223,2.0472975809692846,84.31584748793983,4.124858310585248,0,0
71.40380674775389,8.357047376420724,58.937640625800995,6.2451938396506295,1,1
66.93494381179019,4.4256096412892205,78.68995624133882,5.187392783761288,1,0
95.87061698505701,8.901768884005627,63.7078544566902,4.248071866694187,1,2
63.20934982646569,8.812510210967053,82.79241299695707,7.622991434238145,0,1
80.98045558281018,8.253328601058591,51.95291649364319,4.557964999786237,0,1
76.41587307958646,8.110273926763552,93.41290015817046,7.041597500038859,0,2
99.29514467634425,3.742112251882367,57.244575787934785,5.405248750834446,1,0
64.4815560867221,1.7282735474612696,62.06715926536917,4.86748025177511,1,0
75.91422396182966,4.626821608886453,43.48551712482099,5.898757614596587,1,0
98.77881733101475,2.561720634878578,46.690732739276584,8.007228881114768,0,0
94.62028503575921,7.254559800122156,70.95171416273969,5.960467884522863,1,2
92.68288283797119,4.11489753884007,56.05556060367829,7.753848246055279,0,0
70.3161130817976,9.780491807739233,90.12881354453165,4.627431483995753,1,2
66.83550349560264,6.768748696107988,40.88160331929723,7.863857098325395,0,0
86.74572879697723,8.40232507270925,62.74564292031617,5.184666624533243,0,1
97.17503956510343,2.192722054676636,60.24073280614556,7.386965649444364,1,0
82.2705157205572,8.758130340453603,41.15965785505606,6.828907774204982,0,1
82.864507578796,9.30481471462055,47.462103940030616,8.645723586058438,1,1
71.19916374641137,5.3835572693704234,64.81856049511812,5.93661258987657,0,0
90.77971732767747,6.456276439758797,69.5718750668468,4.330825944172203,1,0
67.48174994230094,7.883288208126959,64.25738483529214,4.095777427756264,1,1
72.94716945616975,2.573547645343713,71.85626070472563,8.134292804863765,0,0
77.01745754465668,5.523094688170982,75.70790049434089,6.623678188307161,1,1
80.3044151473782,4.587967249950818,40.59542926767014,7.8762202591747466,0,0
69.69638929660321,2.317365929460242,67.84570956721024,5.172128000057573,1,0
64.59347298956814,4.307809800623783,97.8099544532553,5.7254187275661685,1,0
84.4248016976653,1.6135507844694421,71.14193680777292,4.1505193610565945,1,0
71.54522212961024,1.232307162545383,80.65253604753718,8.80746162287056,1,0
83.24952885690449,2.2164966023934047,58.71183147501299,7.3393395335040665,0,0
66.17450861096809,9.668036004302564,86.43948268916574,8.666025438796531,1,2
79.2456040741927,5.945765823055153,86.3752889125669,5.327482037145362,1,1
81.30357730206343,9.69239945037898,71.27776285924834,7.057318056128304,0,2
62.07294147289708,4.892480904971188,98.56082939675281,7.392499841463189,0,0
73.46417112775683,3.806345197767336,47.533012885759206,5.587748501287942,0,0
65.37658707755897,5.555276765562197,41.01685989337486,8.240546175078151,0,0
62.53499881891071,4.955605197696191,86.20949270542576,8.735807314501239,0,0
99.5984092955978,1.9509821583556952,88.42933224189295,8.424275588480022,0,1
72.89415379898892,6.767436832211856,47.21243374723458,7.695334879696863,1,0
92.3949778341854,2.9443436425863965,55.93496997751636,5.38732339862477,0,0
70.18562619055055,6.576291594080466,41.05314180199773,5.4080802105281585,1,0
87.26010888895718,6.85180983158338,57.598516646833886,8.81680160223019,0,0
90.40911439558747,2.368223678157833,86.38851243512029,4.05142247967846,1,0
83.82554962431377,1.5521466439960134,71.07763166275474,7.580249866210723,1,0
78.86304754200634,8.026854274615959,60.88573559009728,7.531230812776311,1,1
76.47363656589074,5.138203813923882,62.30435769437982,7.113447704748987,0,0
73.95473066171981,1.523474159549282,40.08121754292809,8.950544230434328,0,0
97.18116576991304,9.953796854527905,57.98803165391415,5.559397178818626,0,1
93.22477631150917,1.5200250489672997,78.78752449827583,5.699859318966241,0,0
98.60107642666051,7.255317059726979,98.45166662898143,4.3946970147327775,1,2
64.97188893942179,9.853110327370722,90.82364961903397,6.213990682718688,0,2
89.23469900814577,3.1526209379433308,41.41569787873175,5.305242631174241,1,0
97.53361827284152,2.2802443181847654,93.91363628049035,5.7169335108882215,1,0
67.24932264662641,2.09246445480186,86.99190479791756,8.172858951278139,0,0
62.6598506946711,3.72947632810836,86.82256741425883,8.677422567637478,0,0
89.64482597160236,1.9094122990958202,67.47974554021428,4.928665360025928,0,0
82.97892452719648,7.229452075247187,63.88031757727017,5.862544657767329,1,0
93.67315107033087,1.5606261831705641,58.174943729991554,8.643152810576971,0,0
65.59089506505158,5.584799153348108,43.941691537261946,4.309042303446113,1,0
91.81069247439561,9.970271684676792,53.69412180962195,4.4618026405568925,0,2
68.06509280190978,8.325732425554168,54.79621809868148,4.813954946031147,1,1
66.54623771462818,6.536974944079098,69.0446241826121,6.976064170634373,0,0
66.57063191723972,3.756282587079505,84.84666439580164,4.752361355029987,0,0
92.58298880925528,6.6150625266247465,68.4285897038768,8.840381907253668,1,1
86.607888827848,5.743373175204865,43.47066696682964,6.233572636292601,0,0
80.92261699076477,4.834750455013343,97.46738805929223,6.507589801750832,0,1
74.3532193649401,2.1763933906617954,96.56345914564673,5.233293079027033,0,0
95.08802163252433,8.9794379371642,87.1113725889045,6.354801262173668,0,2
75.69780429690542,5.048061839391902,99.47967409385323,7.309568163185057,0,1
92.66397757886308,2.7516026063868857,72.66893996801578,7.755885684770214,0,0
77.56539634280874,4.309834157895606,97.76610101519236,7.769340413549565,0,1
75.0777771769963,4.727167772760343,44.53630243700505,6.889455563470442,1,0
78.50719142678426,8.447841060101869,61.940844895682275,8.521798874969285,1,0
72.05511496656568,7.6025294250526185,53.52287608040595,8.087039236530547,0,0
89.90437520705004,7.923744042772058,51.7499850480562,7.785240573493127,0,1
80.10881560369917,1.099281379857825,48.44817693356056,4.2780276084023034,0,0
69.2885078058727,4.745385983617854,77.34481849395979,4.034389811098246,1,0
95.98298293098273,5.332097364717913,86.8793113448383,5.062236385977364,1,1
75.35564885492846,1.1727304914075103,74.69790396522164,7.317617969567261,0,0
81.74211444455955,3.3383188787053077,48.817762575292576,6.055987444412729,1,0
96.25888443858187,7.842608408099215,88.66742619600825,6.012031296496559,0,1
84.96951983655968,2.2339873515609914,78.15728242982371,8.422934441148069,0,0
64.67592162833456,5.817791183073325,63.28994236761973,8.477814240659193,0,0
97.59328494453901,2.9368168481551375,80.44781773216377,8.54587632026793,0,0
85.10832212285672,1.1090869717950396,55.59429875456997,5.569390382575136,1,0
73.39622458628344,3.1708131183958734,60.71153250965263,7.455279063696309,1,0
65.57088290653549,9.782863794190485,95.04915058791941,5.358165906371848,0,1
91.76100757081184,8.213834006946907,57.43027034028522,4.953049165372249,1,1
84.80291023714054,9.636189798889301,68.19929608947619,4.923162286736846,1,1
81.33844367905286,5.390686395337262,93.40846824376088,5.71053810431797,0,1
95.7557033220383,1.9876257880975317,82.46328101605164,6.1497880988991085,1,0
91.54388844898122,5.931635400763237,43.73219356988216,8.154745855275342,0,0
66.06699518931005,5.089396011039648,48.83818265673822,4.59945546736356,0,0
72.46888271182193,8.599213744656543,40.470495446315006,7.6746292369744715,0,1
69.93956559257863,1.8827432270582012,77.85530741374981,6.657274570946527,0,0
89.75785170290708,5.394170233196004,66.8604055246251,5.4397267133799625,1,1
61.341297389431176,2.3504379822458583,48.05649105413653,6.4640979226641235,0,0
82.79558739485266,3.9220833420105397,97.47604726340623,5.499710348885113,1,1
90.49834742962761,7.636213696490197,71.7795834367372,6.9804097761915305,0,1
95.07062547046998,5.284163164318898,54.51359764677335,6.169219614276221,0,0
73.6832699486363,4.382994566311924,70.03621426928245,4.822027645394393,1,0
92.85029218688052,4.550286507130318,80.77721996410646,4.5829153727784835,0,0
64.42526947820829,5.13502091565388,44.57435307841387,6.73347841036065,1,0
93.85809166938073,8.065148894533511,56.482228902873516,8.512065166430517,1,1
65.09954649327929,9.02876220046211,88.41792945303962,5.719788432788428,0,1
75.89149162241469,9.598012178535354,67.57989222415968,7.665000536113116,0,2
91.89181463118214,8.082130476297657,72.7946285219377,7.293306774698834,0,1
65.99669709395096,3.8386620617321148,65.96896013256816,8.657774571547405,0,0
69.17005580930567,7.193212354778879,42.63399655858031,8.104905086495705,0,1
88.89010273572265,4.938428116498527,49.94498678920935,6.833026294527315,0,0
88.80146146184298,3.2920355984144605,66.73249832451346,7.285152491170536,1,0
85.6459053154119,8.567844214833304,52.551127924475665,8.491932332920175,1,0
87.75793777868401,1.345837140660925,42.99874171958072,5.997593922934674,0,0
81.70897773390385,9.115857929218812,90.61897984310943,5.633973529288887,1,2
70.0719623562781,5.153297181622607,98.87155174984696,4.054055418175982,1,1
73.82783974015678,6.7348132912745236,87.58857243980437,8.132755370957321,0,1
67.26390867205703,6.934185299852045,91.22709530228002,8.004903502016823,0,0
96.33802245334513,9.056059666358827,54.518627819022726,4.522272590500757,1,1
83.33567179064482,6.730027139504866,97.63761853079198,6.884286905663501,0,1
76.0340566705456,6.525402262840556,51.8155422672057,6.319908490834437,1,0
78.48023214576531,1.5998683650462096,97.08578862170994,4.5935454775455575,0,0
97.89133358447262,5.6656721975068365,99.68915763795707,8.902841135303618,1,1
66.13405612464321,2.3515210073533748,82.70336834476292,5.073479437316777,1,0
83.44919328067189,7.6369039184933705,98.86862390750932,4.336170900452806,1,2
80.23554715537864,5.60999728731407,74.17238677402622,6.974236897509548,1,0
84.45816941738592,7.12205001287518,55.57250699056542,7.694333385665163,0,1
60.72440735283362,1.3750561054214585,66.21975313993725,4.162217230235935,0,0
94.88495635776606,1.7631281444122289,75.61365612272715,7.293588193635111,1,0
97.28473129934449,7.4469104925641405,44.3848937216209,6.661459379757272,1,0
82.60532734356836,1.6487590239880603,77.34059587703476,4.516325044375242,0,0
87.8660329550757,1.6413105498873275,98.87067020573767,4.86261938473181,0,0
96.89997524709183,1.108976277113987,51.406458987023655,6.839871486580403,1,0
88.28954537253594,9.60851258469532,87.555706977303,5.481788067566442,1,2
66.10156171657046,7.637575235131062,94.47392762677717,8.69157864325658,1,1
83.05153440667253,4.179262676518578,96.62209556921326,8.093701147420255,1,1
84.26860185531424,3.668820231588897,97.60813626432683,8.917836032568315,1,1
76.96522685209544,4.147329067712646,71.28757832328832,5.29835419475207,0,0
89.45776942498891,7.971881780630636,98.63847447949021,8.848618163989885,1,2
97.37468059076059,6.95233549963373,85.43861242806634,6.156169348957789,0,2
97.02274051627106,2.6667601108072114,49.700286174217716,5.737593976568773,0,0
78.03357485616529,2.5669840180067593,68.6140063880782,4.251747634846766,0,0
64.52952183363021,1.8855608474205758,83.09987052232023,4.263826289298013,1,0
99.39364795849337,6.942724477312043,54.840418949145004,7.460056279733274,0,1
93.55592345783737,7.8793539599956235,78.43691101293325,6.289644972170139,0,2
64.98650724813068,3.385417854925036,79.99602874279715,5.132608130180529,0,0
96.83367530469489,1.1885046492782152,49.76198462851396,7.069851531626163,0,0
94.79585448248514,1.739545007287846,73.90511874716537,5.264290591250556,1,0
80.75352228504289,9.710740313605275,86.29761465871647,6.888158771722113,1,2
83.65101742979718,3.659002997296782,69.93373987215651,5.796043734913452,0,0
75.96010815480521,7.923008330543203,40.72618700656645,8.117761133059094,0,0
62.19046555288125,6.621972119688374,40.54230814475753,8.103480803833897,1,0
73.40788966583604,4.437456756876063,61.42176063820073,6.386751990612007,1,0
92.11413794392045,2.851185359759996,95.57164410590693,5.754095546675078,1,0
60.18528092018411,2.092477763434658,53.72060677621653,5.8127989827954725,0,0
73.33996686764577,6.5351167123498,78.06182133230124,8.02857262834109,1,1
75.92674774363773,7.971704025740092,53.324552241599235,5.6408974139880605,0,1
81.49582411751692,6.795138281870176,59.300199379572916,5.04529686853423,0,0
96.79422465651042,5.772719199242425,90.88252537608903,4.423441709376534,1,2
73.85383977463844,1.3775610108847265,83.7316865361968,6.333465604422042,0,0
73.8781280758491,9.716398998349455,45.723956638792636,6.41066049459921,1,1
89.50004992438994,8.18842772489117,65.72212125918603,8.204543552014535,0,1
78.08871763559229,3.6353983303086825,41.75018581871587,5.10619348223032,1,0
68.98419291759927,9.819732964229656,68.85340879618053,5.904956368341999,0,1
78.09758064530774,6.416934306726899,79.74604070206408,8.042028694468454,0,1
65.634280815192,6.241803923865218,47.11015741588909,8.118118053744867,1,0
67.05547946024893,7.732658614865789,57.333096334549936,5.923055379893841,1,0
79.9347109095792,8.305928092811238,63.87019753012942,6.295620116433405,1,1
76.75701798018191,6.9083074659835235,95.17186147936299,5.516429454246415,1,1
96.593836042724,2.1528617172958002,99.59530092537784,8.66277439209656,0,0
74.49575596466532,4.044407553950485,42.69467793973695,4.593218828707902,1,0
83.22353401112174,9.352752762934447,85.66047540972352,8.66874711500735,1,2
85.29057151678121,3.0215405065946674,62.30344398414059,7.419332259176716,0,0
60.523778263533345,4.34950321453762,63.547491173768805,6.657860763433656,1,0
86.54149488066842,4.888691946497763,85.25589840082137,4.16329530392248,1,0
67.12143867479006,4.95464490725007,95.10558592872451,6.377980959110042,0,1
98.4428126987782,6.5164562424507295,97.0557156701529,6.038740525013662,1,1
65.94650911012452,9.487682539702368,74.62735516229924,4.806094059875613,1,1
76.58496494908096,3.1662344064925447,61.42726955803017,7.282048017503285,1,0
63.413986723145754,2.0935123867082623,87.25294515152675,8.85575453684143,1,0
99.87497007383789,2.777234408739436,55.060082995738014,6.810944055322626,1,0
80.08780041324971,8.982324101883425,73.84444173001106,7.573766382219729,1,1
83.81540069280175,6.812297313896854,61.51470769149239,4.342252262830084,0,1
62.6830590955371,3.573161103152441,79.39786442247257,6.088334979084974,1,0
89.99841881596711,8.343522450717554,54.42393477361041,4.58179242582248,0,1
68.39622372382343,8.752329967270924,51.49557674408955,7.063979177682552,0,1
95.92217157762855,8.618629048212503,95.09434520052622,8.692410791070774,0,2
68.20558561928028,9.27033880275599,46.10822097697221,7.308888662358193,0,1
67.62750882654666,3.270169181560254,70.3574744640959,4.384015241572108,1,0
61.46198671392379,7.795377358716505,53.251166977780535,5.773331024925414,1,0
78.88267780439998,5.14485547546726,42.335797799540046,6.753316897204257,1,0
82.59364533050466,8.577986976010553,42.161129097485585,6.0160387806662605,0,0
62.6283455771341,7.5564160944545185,50.51330632634964,8.168220052375862,1,0
91.02110466780042,7.9880270184975215,92.00622127036002,8.073355023549947,1,1
78.13155338992111,6.905456539129643,56.9487246386216,7.059155100516107,1,0
80.9756107731032,2.596858925227362,97.02755023451775,5.867289725663526,0,0
77.63050987752912,5.905242270072445,74.89733757935161,5.276681868816221,0,1
76.03052243501304,9.862027655720574,66.19685138612596,4.5293715910656465,1,1
82.38561325232871,9.43649259847407,74.80533008016727,5.77448841743277,0,1
66.2096098372285,1.388563622173105,71.00190311357606,6.065862586038598,0,0
67.27712521981084,2.483333341564934,85.5265752254395,7.3791146255203675,1,0
94.47142484054069,2.1855589610910573,56.949763958371136,7.290799121487868,0,0
97.84461848534531,7.53381918986766,61.183023496018144,4.350540698206284,0,1
74.93237265119012,8.360067968712507,93.64565815199504,5.976296577155789,1,2
70.82978692574216,2.9216022967960473,96.78739078902433,4.90889433608681,0,0
85.75998172956062,5.552674236566461,93.55349364918847,4.784063526584029,0,1
76.34936684392386,8.5663272521008,65.16687963743881,8.13651074868623,0,1
61.015454226413794,7.595213902896255,86.82193018041289,4.209576083581288,0,1
66.24610389464762,5.880134849426635,68.58014399806592,6.0959143795106066,0,0
88.6388891538959,6.313129214128956,69.85239112876613,4.841018278832591,0,1
86.35695767640605,5.57524492224652,52.28080654343704,8.39665107839237,0,0
61.083839700139336,3.677936061869385,75.46781819551099,6.785202566375176,0,0
68.87888647731798,6.085197935731145,51.16815386520088,5.15690318188424,1,0
69.24299186352286,7.199967718450816,59.89388194403163,6.5121364358318825,1,0
86.87570974394913,8.859906242747268,91.3018120971961,7.657431798515579,1,2
60.788421510174565,6.726622185813232,52.424548552651316,8.790590044597169,1,0
64.16434327938295,7.850093833388422,44.269497110405965,5.102230021227095,0,0
91.99664341492758,2.4406447145911567,44.14045555676898,8.430908860646726,1,0
67.14178648217334,5.154017269778109,96.44707123018648,8.671520570837451,1,0
86.10984431407499,1.0839845784438396,70.41522627771008,8.58210272266033,0,0
69.52731124186906,3.220109780694607,64.5647243090211,7.177071784309549,0,0
63.97765571037381,7.5381554360170435,88.6527148604751,7.149103272173539,0,0
69.72688763997816,9.926289562144271,90.14955567463096,6.016053165919114,0,2
88.89067727422636,1.8926028962849433,59.93146198693628,7.76198941151894,0,0
94.22785872425143,4.613448842751595,81.6170834484277,6.6564700917546595,1,1
93.20879458267967,8.200638718292435,86.2673689511132,7.387190356141472,0,1
75.88734118473819,2.8363207116600897,79.27904121195726,6.1422895192439775,1,0
86.72340546282584,5.995764543720576,49.095704488005964,7.657482320215696,1,0
68.19937181663283,7.597641664267073,92.55298501102342,8.122357588022744,0,1
71.72590921044053,6.543869052341611,72.34567316416053,4.73218128301408,1,1
95.8534327408448,2.692222611538745,56.94834558220022,8.16464857787114,1,0
60.52007694042944,4.198461118171655,65.51369112626163,6.701482658951536,0,0
63.42034123417872,8.054126060368574,42.25426542393444,8.223329545451122,1,0
68.31545020584109,5.98803862718815,47.672008073345054,6.156508531705073,1,0
61.06128815495279,1.0470665218862147,85.93280503095164,5.895202426915175,1,0
67.25741740359189,7.848916840252844,40.00069808532197,8.575303662586112,0,0
83.32166243878768,1.3178021944621516,64.99394970893754,5.255846337742007,0,0
76.85698202369991,7.711604044581089,71.35061086513531,8.221061626430716,0,0
95.706868443079,2.8223250414871366,43.278065200058336,6.4201028625470205,1,0
92.69774246953764,9.622661321074421,98.38468977833998,6.570477212756298,0,2
73.67269406791505,4.31146676171876,53.56751987498032,5.54234140744742,1,0
70.3769373372517,3.942384547042712,58.25192317817685,6.865211003095078,0,0
75.18769632669068,2.339992452992002,58.23655073530164,5.6260559813810564,1,0
83.6117977005923,3.750437939411934,53.824999727040996,4.196347071208262,0,0
70.72254563291506,8.889856856453804,40.08842932517869,5.35999302672178,0,1
84.96595631396536,9.967009038645227,83.76068764527977,4.031895217032954,1,2
76.37646608764962,4.314785774561635,98.01072998795712,8.891773935284284,0,0
82.0818872340792,5.037495678590883,53.4576089971027,8.828736049098737,1,0
77.44506116541267,7.498638443824634,79.78283150820535,5.975776487361525,0,1
71.7786303816767,8.97576202418567,84.51377961752291,7.6418542716982305,0,1
97.93813227848626,6.337399007681057,90.90552274543148,5.729030492052125,1,1
90.54423176639042,4.523731283600464,65.35775182081655,7.35546578542988,1,0
65.6045270306581,4.713596567637614,58.17585433842575,8.027150215229895,1,0
94.73871903591652,7.260563318471262,59.517708041381866,8.733781223461204,0,1
79.49724792998055,1.0289643724385082,82.75727998591077,6.00106137924836,1,0
95.78208907576365,6.576304037138566,89.00676799033816,7.916489914780239,0,2
91.99421023789262,4.199437093972216,50.89683806539616,5.3296422531605945,1,0
77.00854017876934,8.147775981493758,62.25646048946591,8.95166151896824,1,1
60.8987723328047,1.8369157584081894,94.116411804949,4.128847993821756,1,0
70.74709437539784,6.2938204025355144,88.40161118168436,7.017644032505604,1,0
81.66536858643468,5.328756008975113,99.09150416574855,7.297529908256635,1,1
85.33912879304589,6.780929733147047,85.25489558092485,7.440227785370644,1,1
70.31550741732809,1.5836823503467152,63.59171206167534,4.601937893945445,0,0
65.57424296291296,6.219854086853181,75.43827003967826,8.692648917365652,1,0
93.39720947197196,6.053361291635714,79.66085525483922,4.905916395250414,0,1
99.37608722814208,6.045940849745539,44.70734897902744,7.113767016199205,1,0
81.02760729210743,6.431388999368093,72.66981754623191,5.113380395615424,1,0
66.86717143393214,7.08821143503726,82.55924970835657,5.536082085106354,1,1
70.89229306077476,8.244900997126928,50.039278240063624,6.732292708640622,0,0
60.73562706189867,3.428386481153929,86.83790304553344,6.085967092822882,0,0
96.57195226241996,8.425444691620559,75.0263668308467,4.801128004882531,1,2
64.71004331560565,5.484301140371082,97.13330714185568,4.8546820121042416,0,1
83.06065902057014,1.6935245122089806,42.5453378924135,6.090723940813998,1,0
70.96220882748824,1.5269583631958128,55.919568253328016,7.786414891377504,1,0
82.16712010063173,4.008144868264547,76.09323275798944,8.489823234238942,0,0
86.05681553407457,8.064072794003208,57.79359473235584,4.420638311296914,0,1
93.18967214828807,7.369128412668242,82.86544984427454,5.965519537797006,0,2
68.25685087042413,8.09753468205166,85.54031695131586,4.5012278186143835,0,1
60.43983314633922,5.655421507974484,46.150957843988465,4.082962403162989,1,0
65.47542520275229,4.961790981599415,70.83126785240606,7.308593413219783,0,0
96.0007456739242,2.3270727403565554,70.53343333546336,7.012247209832939,0,0
94.95560310250062,3.953734782483804,62.156846212932464,4.8150955690744315,1,0
83.89652408681233,4.9061742955648775,95.97549175418033,5.16906416546532,0,0
84.02067441734613,1.797403867116555,89.65037919239327,4.118538768222592,0,0
86.60146698185022,2.985507574400901,81.8325629145782,8.174736028472019,0,0
67.01485114493798,6.384027646573649,82.85959814409986,8.873452980242757,0,0
96.5764778369984,7.620968028152708,67.70296862878715,4.677297683973454,1,1
76.75082099568293,9.985127602536547,95.25967126579455,5.1573760688264905,1,2
75.3255411299799,9.39801998209202,81.67572563519713,8.34204761973467,0,2
80.75670821131351,6.783086795816724,83.738863699349,8.632318989780924,0,1
61.8786386710022,4.791232479646649,91.70145422724072,6.098136914034052,1,0
66.65133475024318,6.725596282374094,56.444295360531456,4.25311236134537,0,0
89.52134465705481,8.070864562722088,88.42425423200217,4.1969591684640974,0,2
63.31194671700506,2.065025718310486,51.71443617738952,6.869749330345052,0,0
84.12608437865552,4.689144007266594,60.72051713469327,5.964475544465895,0,0
69.81396438725284,8.558220570720554,60.136627256190565,4.143262137888272,0,1
75.57182456167907,4.4544965673973955,98.71152810334843,6.916261961562784,0,0
71.547749470828,6.146850441044679,91.39223342487561,4.056512682945113,0,1
74.22690865859796,6.289924247759784,82.07019169541559,7.9368597907463645,0,1
88.76183620736981,2.6602862782027543,83.62340569692341,5.532164113516858,0,0
71.88486862492701,4.260118974870595,73.72436766415427,4.20129001504616,1,0
82.65618561187588,4.01060159867739,96.82544002651115,6.941761104915766,1,0
79.04201608796399,1.235770376788583,69.77552517294168,5.988422072165274,1,0
86.54684661450592,1.217725875022197,62.831062592193675,8.869002066785747,0,0
97.47318957299032,8.485273393081961,49.78212021589546,6.720993312518511,0,2
89.30288388841001,3.457637289755312,87.17233913566348,5.376195905185042,1,1
68.59761514363026,5.662708896149339,84.06663592453549,7.547194323169874,0,1
61.24732540245139,3.6885301622989575,63.06130231144809,5.357460012713556,1,0
70.490561771993,9.466113206038065,41.51160483755376,8.521216457037825,0,1
83.8031172280102,3.3336708297919637,90.33983966308065,5.873609852536882,1,0
62.05703253937001,4.866911314650416,40.68507900724442,6.749342813881026,1,0
79.85464988804945,8.854572254361416,82.22198677774306,4.252865519121144,1,1
83.87371395667557,8.577402101126278,98.21542658356341,6.130606189761154,0,2
73.36975563267843,2.674912760616496,66.2596796888922,8.161817698304976,1,0
90.83648814983287,8.223789788161394,54.09840429975716,8.02824402681671,0,1
64.26393012535087,5.123681980641034,82.29226060260291,5.121592794267631,0,0
63.00551126943235,5.346719848768197,89.0276885209351,5.130395355052814,0,0
89.12755024814413,2.201319751743494,72.78581896467084,8.086526561066183,0,0
79.81965264824794,1.7254136238141218,98.02211651536877,8.651992100846627,0,0
87.53609585710944,7.551453762763886,43.100123299477666,4.476804606365018,0,0
77.39309354414985,5.468150371197698,70.28773589827169,6.250293197131127,0,1
69.85608132956428,4.931656323536616,83.107236839353,5.687271394821145,1,0
92.76409270696799,7.5655740578715704,91.75842826895074,8.353442277287197,1,2
91.97663515875917,7.889616090919988,50.755336714467404,4.417624573400094,1,0
87.78785883417707,2.430173509024182,88.00020890582088,5.0556297127901875,0,0
70.8858054891985,6.492026345298772,73.1624245431127,7.762341687932471,0,1
83.60922667476348,2.2181867404991698,63.7932209193978,4.256469244906078,0,0
74.43895587760107,7.762375774261411,47.90290171474561,6.462676903571446,0,0
63.66328293306537,6.912596406404256,91.91774553453475,6.2105351733986005,1,1
96.69254301848972,9.609531589751121,49.43639249078292,5.6720058949437435,0,1
65.47274523675846,1.6206221472077906,58.58727155254596,5.972861576594619,1,0
98.0094941528321,1.5134924903612887,57.40273191774621,6.649702934651165,0,0
77.84023091831823,3.539683672238801,92.28484205145125,4.806836791941915,1,0
